[
  {
    "Id": "418112",
    "ThreadId": "204961",
    "Html": "<p>这东西很好，就是能不能支持Silverlight呀？</p>\r\n<p>我自己也在做一个类似的东西，头疼死了。</p>\r\n<p>WebService和WCF都有同样的问题，当我需要公布大量的接口方法的时候，通过引用来生成的代码非常庞大，并且不是我想要的那种结构。</p>\r\n<p>所以我自己封装调用和返回，底层打算支持Http和Tcp，但是在Silverlight中非常难搞，Http和Socket都受到极大的限制。</p>",
    "PostedDate": "2010-03-15T02:00:35.857-07:00",
    "UserRole": null,
    "MarkedAsAnswerDate": null
  },
  {
    "Id": "419076",
    "ThreadId": "204961",
    "Html": "我没捣鼓过Silverlight,从理论上是支持的。\r\nshuttler只是个传输。\r\n有问题联系我:msn :overred2005@163.com",
    "PostedDate": "2010-03-17T01:29:28.127-07:00",
    "UserRole": "Owner",
    "MarkedAsAnswerDate": null
  },
  {
    "Id": "419081",
    "ThreadId": "204961",
    "Html": "<p>基本上，Silverlight的传输受到了极大的限制，你只能那么做，比如你必须使用异步方法</p>",
    "PostedDate": "2010-03-17T01:43:15.707-07:00",
    "UserRole": null,
    "MarkedAsAnswerDate": null
  }
]