{
  "WorkItem": {
    "AffectedComponent": {
      "Name": "",
      "DisplayName": ""
    },
    "ClosedComment": "",
    "ClosedDate": null,
    "CommentCount": 0,
    "Custom": null,
    "Description": "tcp client console app: \n \nShuttler.Artery.ShuttlerAgent:\n-----------------------------------------------\n2009-11-09 15:59:44  [Error]:\n Packet  Hearder Error-----------------------------------------------\n \nShuttler.Artery.ShuttlerAgent:\n-----------------------------------------------\n2009-11-09 15:59:44  [Error]:\n Packet  Hearder Error-----------------------------------------------\n \nShuttler.Artery.ShuttlerAgent:\n-----------------------------------------------\n2009-11-09 15:59:44  [Error]:\n Packet  Hearder Error-----------------------------------------------\n \nShuttler.Artery.ShuttlerAgent:\n-----------------------------------------------\n2009-11-09 15:59:44  [Error]:\n Packet  Hearder Error-----------------------------------------------\n \nShuttler.Artery.ShuttlerAgent:\n-----------------------------------------------\n2009-11-09 15:59:44  [Error]:\n Packet  Hearder Error-----------------------------------------------\n \nShuttler.Artery.ShuttlerAgent:\n-----------------------------------------------\n2009-11-09 15:59:44  [Error]:\n Packet  Hearder Error-----------------------------------------------\n \nShuttler.Artery.ShuttlerAgent:\n-----------------------------------------------\n2009-11-09 15:59:44  [Error]:\n Packet read   at Shuttler.Artery.StreamBuffer.GetByteArray(Int32 count) in D:\\_\nApps\\Shuttler_V1.1(1)\\Artery\\Artery\\CrazyCommon\\CrazyIO\\StreamBuffer.cs:line 266\n \n   at Shuttler.Artery.Shuttler_Body.Parse(StreamBuffer buf) in D:\\_Apps\\Shuttler\n_V1.1\\Artery\\Artery\\Packets\\Protocol\\Shuttler_Body.cs:line 18\n   at Shuttler.Artery.Packet.Read(StreamBuffer buffer) in D:\\_Apps\\Shuttler_V1.1\n(1)\\Artery\\Artery\\Packets\\Protocol\\Packet.cs:line 78----------------------------\n-------------------\n \nVS console output:\nA first chance exception of type 'System.ArgumentOutOfRangeException' occurred in Artery.dll",
    "LastUpdatedDate": "2013-02-13T15:24:05.753-08:00",
    "PlannedForRelease": "",
    "ReleaseVisibleToPublic": false,
    "Priority": {
      "Name": "Low",
      "Severity": 50,
      "Id": 1
    },
    "ProjectName": "Shuttler",
    "ReportedDate": "2009-11-09T07:05:15.23-08:00",
    "Status": {
      "Name": "Proposed",
      "Id": 1
    },
    "ReasonClosed": {
      "Name": "Unassigned"
    },
    "Summary": "plenty of errors at first run....",
    "Type": {
      "Name": "Issue",
      "Id": 3
    },
    "VoteCount": 1,
    "Id": 4790
  },
  "FileAttachments": [],
  "Comments": [
    {
      "Message": "I'm sorry to heart that.\r\nand sorry for so long I had seen urs post.\r\nBut u can download Recommended release:Shuttler_V2.0,stable version.\r\nthx\r\n   overred",
      "PostedDate": "2010-01-04T01:32:51.14-08:00",
      "Id": -2147483648
    },
    {
      "Message": "",
      "PostedDate": "2013-02-13T15:24:05.753-08:00",
      "Id": -2147483648
    }
  ]
}