[
  {
    "Id": "0",
    "Name": "Shuttler_V3.1415926",
    "DevelopmentStatus": "Stable",
    "Description": "Edit:\n1,ArteryPerfCounter\n2,PacketBase\n3,Packet Read() error check\n4,Request&Response Structure\n5,ArgsPoolTuples\n\nAdd:\n1,+IM\n-Shuttler.IM.Client\n-Shuttler.IM.Server\n\n2,+Http Rpc\n- support 1500/sec\n3,+Memcached分布式缓存，通过hash定位缓存地\n\n2010/01/25+++++++++++\n1,删除无用性能计数器\n2,调大缓冲区\n\n\n2010/03/20++++++++\n+\n 对结构进行大的调整，解耦方法间泛型依赖性\n UnitTest\n _\n 删除无用的文件",
    "ReleasedDatge": "0001-01-01T00:00:00",
    "ModifiedDate": "2010-05-14T19:41:59.62-07:00",
    "Files": [
      {
        "Id": "d3ef6444-1168-47a3-b4e6-bfab89dc5f50",
        "FileName": "Shuttler_V3.1415926.7z",
        "Url": "./0/d3ef6444-1168-47a3-b4e6-bfab89dc5f50",
        "Type": "Source Code",
        "UploadDate": "2010-05-14T19:41:59.463-07:00"
      }
    ]
  }
]